Word,Vowel,Timeinterval,F1,F2,F3,F4,Speaker,Language
bah,a,10,766.5,1273.8,2103.6,3629.9,12,L1English
bah,a,20,809.8,1273.2,2031.6,3814.3,12,L1English
bah,a,30,838.1,1292,2021.3,3790.1,12,L1English
bah,a,40,857.9,1315.4,1871.4,3783.6,12,L1English
bah,a,50,860.2,1295,2295.2,3854.4,12,L1English
bah,a,60,846.2,1288.8,2654.2,3882.9,12,L1English
bah,a,70,777.4,1252.3,2998.3,4030,12,L1English
bah,a,80,536.9,1120.2,3015.9,4402.5,12,L1English
bah,a,90,1438.3,2709.8,3799.6,4628.3,12,L1English
bah,a,10,681.3,1161.9,2431.1,3418.3,13,L1English
bah,a,20,729.1,1178.8,2461.6,3477.2,13,L1English
bah,a,30,750,1182,2505.7,3551.9,13,L1English
bah,a,40,756.9,1169.4,2530.7,3635.5,13,L1English
bah,a,50,733.4,1171,2506.6,3675.7,13,L1English
bah,a,60,734,1188.8,2562.7,3712.1,13,L1English
bah,a,70,749.2,1219.4,2457.9,3690.8,13,L1English
bah,a,80,751.8,1286.5,2396.1,3688.9,13,L1English
bah,a,90,717,1405.7,2492,3831.6,13,L1English
bah,a,10,667.3,1139.7,2672.2,3765.2,15,L1English
bah,a,20,701.5,1145.3,2687.7,3719,15,L1English
bah,a,30,711.3,1149.6,2709.1,3725.4,15,L1English
bah,a,40,717.2,1156.4,2780.9,3746.5,15,L1English
bah,a,50,699.4,1160.5,2786.7,3700.2,15,L1English
bah,a,60,700,1144.3,2806.6,3750.2,15,L1English
bah,a,70,691.4,1142.3,2804.1,3750.2,15,L1English
bah,a,80,679.5,1138.7,2832.7,3770.3,15,L1English
bah,a,90,587.9,1133.5,2876.4,3689.1,15,L1English
bah,a,10,623.9,1124.8,2772,3135.3,19,L1English
bah,a,20,657.1,1115.2,2615.4,2964.1,19,L1English
bah,a,30,661.2,1120.1,2585.5,3009.5,19,L1English
bah,a,40,659,1143.6,2634.6,2989.1,19,L1English
bah,a,50,646.7,1186.7,2889,3013,19,L1English
bah,a,60,634.9,1202.7,2749,2886,19,L1English
bah,a,70,633.2,1229.3,2740.4,2940.8,19,L1English
bah,a,80,610,1295.8,2801,2997.2,19,L1English
bah,a,90,583.8,1369.7,2793.4,3730,19,L1English
bah,a,10,633.6,963.1,2536.9,3381.8,20,L1English
bah,a,20,644.5,988.7,2698.9,3548.4,20,L1English
bah,a,30,649.9,977.9,2674.5,3530.1,20,L1English
bah,a,40,668.1,1004.4,2662.4,3559.6,20,L1English
bah,a,50,671.8,1025,2640.9,3550.4,20,L1English
bah,a,60,678.3,1044.6,2624,3630.2,20,L1English
bah,a,70,679.6,1090,2627.3,3598.3,20,L1English
bah,a,80,664.6,1170.1,2577.3,3537.6,20,L1English
bah,a,90,645.3,1305,2469.3,3510.5,20,L1English
bay,ei,10,605.1,2239.7,2705.1,4030.8,12,L1English
bay,ei,20,637.9,2245.2,2656.6,4118.7,12,L1English
bay,ei,30,626.5,2273.3,2715.4,3496.7,12,L1English
bay,ei,40,575.3,2325.2,2742.7,3138.3,12,L1English
bay,ei,50,502.8,2339.6,2649.4,3755.8,12,L1English
bay,ei,60,477.6,2441.4,2705.9,3835.2,12,L1English
bay,ei,70,421,2542.6,2589.4,3851.3,12,L1English
bay,ei,80,415.6,2661.8,3094.8,4068.2,12,L1English
bay,ei,90,404.1,2474.9,2935.7,4072.9,12,L1English
bay,ei,10,489.5,1939.6,2379.6,2769.7,13,L1English
bay,ei,20,498.4,2021.2,2382.2,2794.6,13,L1English
bay,ei,30,498.7,2086,2365.8,2831.1,13,L1English
bay,ei,40,490.5,2181.2,2294.2,2915.4,13,L1English
bay,ei,50,470.1,2223.9,2770.2,3466.7,13,L1English
bay,ei,60,433.7,2322.8,2829.9,3579.5,13,L1English
bay,ei,70,380.9,2381.3,2806,3615,13,L1English
bay,ei,80,348.4,2393.7,2806.2,3642.1,13,L1English
bay,ei,90,351,2344.8,2775.2,3635.3,13,L1English
bay,ei,10,507.2,2176.2,2747.6,3866.6,15,L1English
bay,ei,20,531.6,2212.7,2806.7,3925.4,15,L1English
bay,ei,30,524.2,2242.1,2861.9,3935.4,15,L1English
bay,ei,40,514.7,2299.1,2873.5,3876.6,15,L1English
bay,ei,50,495.7,2357.9,2888.2,3364.2,15,L1English
bay,ei,60,447,2393.7,2915.6,3216,15,L1English
bay,ei,70,392.1,2432.5,2932.8,3294.8,15,L1English
bay,ei,80,366.6,2509.9,2996.3,3624.4,15,L1English
bay,ei,90,360.3,2589.3,3069.8,4018.8,15,L1English
bay,ei,10,480.3,2100.6,2786.2,2847.8,19,L1English
bay,ei,20,511.8,2150.3,2790.9,3380.2,19,L1English
bay,ei,30,512.6,2152.8,2821.8,3360.2,19,L1English
bay,ei,40,497.5,2166.4,2777.8,3292.4,19,L1English
bay,ei,50,484.7,2158.5,2816.4,3416.7,19,L1English
bay,ei,60,469.9,2235.8,2796.4,3501,19,L1English
bay,ei,70,430.2,2315.2,2918.7,3553.7,19,L1English
bay,ei,80,349.9,2372.2,2924.2,3612.1,19,L1English
bay,ei,90,337.3,2412.5,2937.9,3699.3,19,L1English
bay,ei,10,464.3,1716.6,2358,3337.2,20,L1English
bay,ei,20,484.4,1752.4,2356,3367.9,20,L1English
bay,ei,30,466.6,1817.8,2369.3,3367.1,20,L1English
bay,ei,40,432.4,1920.4,2453,3390.7,20,L1English
bay,ei,50,393.9,2015.4,2523.2,3399.6,20,L1English
bay,ei,60,368.8,2066,2592.3,3376.5,20,L1English
bay,ei,70,363.5,2082.8,2627.8,3368.3,20,L1English
bay,ei,80,358.9,2074.3,2635.5,3359.1,20,L1English
bay,ei,90,333.3,2039.6,2587,3379.2,20,L1English
die,ai,10,773.8,1840.8,2938.3,4294.2,12,L1English
die,ai,20,1013.9,1625.4,2532.6,3942.1,12,L1English
die,ai,30,954.6,1563,2591.3,3895.9,12,L1English
die,ai,40,905.4,1498.6,2596.5,4021.1,12,L1English
die,ai,50,893.9,1546.4,2627.6,4147.2,12,L1English
die,ai,60,907.5,1728.1,2720.2,4076.3,12,L1English
die,ai,70,863.2,1852.3,2645.5,2746.5,12,L1English
die,ai,80,731.2,2092.5,2666.2,3610.5,12,L1English
die,ai,90,565.2,2400.7,2477.1,3448.9,12,L1English
die,ai,10,695.1,1468.6,2418.4,3924.7,13,L1English
die,ai,20,800.7,1361.9,2269.9,3403.7,13,L1English
die,ai,30,811.3,1339.7,2415.6,3521,13,L1English
die,ai,40,805.9,1342.7,2347.6,3529.7,13,L1English
die,ai,50,822.8,1392.6,2345.9,3619.3,13,L1English
die,ai,60,785.9,1507.4,2291.4,3664.7,13,L1English
die,ai,70,685.9,1727.3,2402.4,2598.9,13,L1English
die,ai,80,567.2,1990.2,2589.2,3366.4,13,L1English
die,ai,90,452.4,2200.9,2689.4,3534.2,13,L1English
die,ai,10,622.8,1768.4,2623.3,3761.2,15,L1English
die,ai,20,710.7,1488.9,2458.2,3618.2,15,L1English
die,ai,30,720.4,1432.1,2457.7,3605,15,L1English
die,ai,40,720.7,1436.7,2469.7,3607.6,15,L1English
die,ai,50,693.7,1582.7,2483.2,3566.1,15,L1English
die,ai,60,572.6,1737.2,2482,3479.2,15,L1English
die,ai,70,529.3,2010.6,2595.7,3878.5,15,L1English
die,ai,80,458.8,2301.1,2676.8,4056.6,15,L1English
die,ai,90,377,2502.9,2768.6,4081.5,15,L1English
die,ai,10,610,1621.6,2575.7,2984.7,19,L1English
die,ai,20,662,1460.6,2635.8,2995.6,19,L1English
die,ai,30,677.4,1400,2728,2997.9,19,L1English
die,ai,40,671.9,1377.6,2632.2,2996.3,19,L1English
die,ai,50,662.4,1437.9,2300.6,2955.3,19,L1English
die,ai,60,651.4,1497.6,2912,3230.2,19,L1English
die,ai,70,615.8,1627.2,2985.7,3071.7,19,L1English
die,ai,80,518.9,1827.6,2961.9,3376.1,19,L1English
die,ai,90,410.2,2134.4,2502.9,3192.3,19,L1English
die,ai,10,670,1382.2,2429.6,3343.4,20,L1English
die,ai,20,745.4,1214.3,2541.2,3533.8,20,L1English
die,ai,30,746.5,1214.4,2580.7,3478.5,20,L1English
die,ai,40,764.6,1241.2,2548.1,3406.3,20,L1English
die,ai,50,774.2,1341.1,2426.8,3414.7,20,L1English
die,ai,60,702.7,1517.3,2369.4,3412.3,20,L1English
die,ai,70,598.2,1820.2,2442.6,3438.2,20,L1English
die,ai,80,462.9,2019.6,2479.5,3402.9,20,L1English
die,ai,90,342.1,1947.9,2528.3,3342.3,20,L1English
do,u,10,381.9,2181.2,2561.2,3754.7,12,L1English
do,u,20,393.5,2111.7,2530.4,3778.6,12,L1English
do,u,30,397.4,2095.2,2486,3846.7,12,L1English
do,u,40,387.2,1969.1,2437.2,3768.2,12,L1English
do,u,50,375,1821,2452.9,3722.2,12,L1English
do,u,60,338.6,1656.7,2443.4,3643.1,12,L1English
do,u,70,322.1,1405.6,2595.9,3709.2,12,L1English
do,u,80,323.7,1330.2,2565.4,3783.6,12,L1English
do,u,90,343.1,1487,2828.8,3909.9,12,L1English
do,u,10,304,1852.6,2416.3,3343.6,13,L1English
do,u,20,314.2,1724.1,2354,3358.3,13,L1English
do,u,30,325.1,1483.9,2325.6,3372.3,13,L1English
do,u,40,333.2,1282.6,2320.3,3282.4,13,L1English
do,u,50,325.7,1064,2346.4,3259.6,13,L1English
do,u,60,294.9,858.8,2425.2,3221.1,13,L1English
do,u,70,287.4,717.7,2543.8,3308.6,13,L1English
do,u,80,305.1,721.4,2568.2,3202,13,L1English
do,u,90,299.2,1056.7,2689,3455.8,13,L1English
do,u,10,285.4,2304.6,2671.8,3502,15,L1English
do,u,10,343.3,2049.3,2537.5,3492.4,15,L1English
do,u,20,355.5,2078.4,2517.9,3481.8,15,L1English
do,u,30,343.2,2077.4,2409.2,3595.8,15,L1English
do,u,40,335.6,1610.5,2464.4,3601.1,15,L1English
do,u,40,347.9,1675,2430.9,3520,15,L1English
do,u,50,355.1,1589.5,2355.6,3583.1,15,L1English
do,u,60,358.1,1573.9,2419.6,3764.9,15,L1English
do,u,70,324.9,1244.8,2411,3799.5,15,L1English
do,u,70,319.3,1336.3,2687.3,3781.2,15,L1English
do,u,80,342.1,1305.3,2461.3,3725.5,15,L1English
do,u,90,333.5,1329,2483.7,3917.5,15,L1English
do,u,10,318.4,2006.7,2629,3280.2,19,L1English
do,u,20,336,1879,2603.4,3305.9,19,L1English
do,u,30,348.5,1751.9,2661.9,3324.6,19,L1English
do,u,40,340,1581.7,2719.7,3352.8,19,L1English
do,u,50,342.6,1475.8,2788.7,3403.3,19,L1English
do,u,60,339.7,1321.1,2853.3,3436.2,19,L1English
do,u,70,329.9,1207.6,2848.2,3428.3,19,L1English
do,u,80,327.1,1188.9,2829.5,3421.5,19,L1English
do,u,90,341.5,1245.2,2771,3309.5,19,L1English
do,u,10,218.9,1944.8,2511,3367.8,20,L1English
do,u,20,230.1,1901.6,2692.4,3382,20,L1English
do,u,30,227.4,1894.3,2799.1,3431.3,20,L1English
do,u,40,227.2,1846.2,2880,3548.8,20,L1English
do,u,50,227.5,1806.6,2897.5,3597.5,20,L1English
do,u,60,234,1779.5,2908,3624.8,20,L1English
do,u,70,240.5,1766.1,2934.5,3656.3,20,L1English
do,u,80,245.3,1808,2896,3647.3,20,L1English
do,u,90,243.7,1759.3,2880.3,3527.6,20,L1English
go,ou,10,589.3,1356.4,2534.3,3995.8,12,L1English
go,ou,20,660.6,1310.3,2693.7,3800.9,12,L1English
go,ou,30,639.4,1321.2,2798.9,3846.6,12,L1English
go,ou,40,644,1283.1,2779.5,3849.9,12,L1English
go,ou,50,603,1164.6,2816.2,3789.5,12,L1English
go,ou,60,535.5,1088.2,2839,3675.6,12,L1English
go,ou,70,468.2,905.7,2931.6,3512.9,12,L1English
go,ou,80,431.8,781.7,2996.9,3452.8,12,L1English
go,ou,90,424.4,777.7,2943.8,3364.9,12,L1English
go,ou,10,529.9,1346,2325.7,3246.6,13,L1English
go,ou,20,577.3,1265.3,2492.9,3296.1,13,L1English
go,ou,30,575.6,1168.9,2602.5,3259.9,13,L1English
go,ou,40,544.5,1105.7,2652.5,3250.6,13,L1English
go,ou,50,522.5,1037.6,2710.5,3187.3,13,L1English
go,ou,60,487.1,964.6,2736,3228.6,13,L1English
go,ou,70,428.8,943.2,2730.9,3165,13,L1English
go,ou,80,397.9,909.9,2694.3,3135.5,13,L1English
go,ou,90,410.5,1014.4,2694.4,3073.5,13,L1English
go,ou,10,478.7,1798,2386.8,3660.6,15,L1English
go,ou,20,494.4,1650.4,2339.7,3578.6,15,L1English
go,ou,30,515.1,1539.7,2278.9,3561.3,15,L1English
go,ou,40,493.3,1468.9,2257.5,3546.3,15,L1English
go,ou,50,458.6,1373.9,2224.9,3495.2,15,L1English
go,ou,60,404.9,1295.9,2209.2,3414.3,15,L1English
go,ou,70,378.5,1283,2263.8,3823.1,15,L1English
go,ou,80,359.9,1281,2295.4,3545.5,15,L1English
go,ou,90,332.6,1215.2,2398.9,3811.3,15,L1English
go,ou,10,506.2,1219.5,2781.1,3363,19,L1English
go,ou,20,521.2,1131.3,2866.2,3581.1,19,L1English
go,ou,30,516.8,1068.3,2919.3,3390.2,19,L1English
go,ou,40,508,1025.1,2889.3,3321.4,19,L1English
go,ou,50,495.4,974,2797.8,3196.8,19,L1English
go,ou,60,470.3,892,3027.3,3165.8,19,L1English
go,ou,70,423.7,841.2,3080.6,3633,19,L1English
go,ou,80,408.5,854.7,2970.5,3715,19,L1English
go,ou,90,364.5,1060.3,3002.6,3677.2,19,L1English
go,ou,10,489.3,1309.1,2161.1,3028.4,20,L1English
go,ou,20,538.3,1127.6,2264.4,3080.2,20,L1English
go,ou,30,526.2,1076.7,2314.6,3035.6,20,L1English
go,ou,40,516.8,1002.7,2326.6,3063.5,20,L1English
go,ou,50,478.1,914.4,2370,3094.2,20,L1English
go,ou,60,472.1,807.9,2320,3075.4,20,L1English
go,ou,70,491.8,905,2295.3,3152.4,20,L1English
go,ou,80,373.7,829.2,2340.6,3162,20,L1English
go,ou,90,367.8,1021.2,2147.1,3122,20,L1English
guy,ai,10,696.1,1491.5,2621.6,3920.9,12,L1English
guy,ai,20,792.5,1300.8,2683.3,3786.9,12,L1English
guy,ai,30,855.2,1346.8,2227.4,3865.6,12,L1English
guy,ai,40,867.5,1369.6,2076.2,4043.2,12,L1English
guy,ai,50,888.5,1524.4,2684.8,3795.8,12,L1English
guy,ai,60,838,1668.5,2586.9,3960.8,12,L1English
guy,ai,70,755.2,1856.3,2641.9,4215,12,L1English
guy,ai,80,648.4,2134.4,2763.8,4329.8,12,L1English
guy,ai,90,546.2,2318,2890.3,4194.7,12,L1English
guy,ai,10,752.6,1409,2347.2,3625.7,13,L1English
guy,ai,20,755.2,1307.8,2397.5,3609.8,13,L1English
guy,ai,30,747,1271,2379.5,3584.5,13,L1English
guy,ai,40,780.3,1329.4,2405.4,3619.2,13,L1English
guy,ai,50,773.6,1432.5,2343.3,3659,13,L1English
guy,ai,60,732.4,1619.7,2366.4,2757.3,13,L1English
guy,ai,70,582.2,1856.1,2432.1,3224.9,13,L1English
guy,ai,80,398.8,2168.9,2591.7,3308.3,13,L1English
guy,ai,90,341.8,2242.2,2675.5,3668.7,13,L1English
guy,ai,10,607.2,1637.9,2701.1,3721.6,15,L1English
guy,ai,20,686,1510.3,2325.7,3615.6,15,L1English
guy,ai,30,695.4,1398.7,2390,3556.3,15,L1English
guy,ai,40,716.1,1445.3,2445.1,3579.4,15,L1English
guy,ai,50,681.2,1588.1,2454.8,3558.5,15,L1English
guy,ai,60,622.8,1752.6,2615.3,3707.1,15,L1English
guy,ai,70,507.5,1985.6,2614.7,3634,15,L1English
guy,ai,80,482,2278.6,2776.6,3821.4,15,L1English
guy,ai,90,485.8,2427.6,2990.1,3948.3,15,L1English
guy,ai,10,569.6,1346.7,2788.8,3737,19,L1English
guy,ai,20,668.6,1320.4,2714.9,3476.7,19,L1English
guy,ai,30,723.8,1333.7,2697.2,3596,19,L1English
guy,ai,40,708.2,1367.2,2688,3387.2,19,L1English
guy,ai,50,711.6,1417,2679.8,3526.6,19,L1English
guy,ai,60,687.1,1481,2759.3,3721.2,19,L1English
guy,ai,70,613.8,1591.1,2856,3725.5,19,L1English
guy,ai,80,514.5,1748.8,2905.6,3707.3,19,L1English
guy,ai,90,434.2,2053.3,3001.3,3012.4,19,L1English
guy,ai,10,626,1411.2,2185.5,3252.6,20,L1English
guy,ai,20,713.7,1275.6,2340.6,3425.4,20,L1English
guy,ai,30,731.8,1235.5,2399.1,3441.6,20,L1English
guy,ai,40,763.6,1232.3,2469.6,3602.5,20,L1English
guy,ai,50,775.2,1290.5,2465.1,3543.5,20,L1English
guy,ai,60,735.5,1452.4,2374.9,3471.6,20,L1English
guy,ai,70,616.3,1756.5,2459.8,3468.8,20,L1English
guy,ai,80,416.8,2022.6,2554.1,3375.6,20,L1English
guy,ai,90,279.2,1952.2,2757.9,3317.4,20,L1English
knee,i,10,372.7,2533.4,3651.1,4162.7,12,L1English
knee,i,20,380,2646.9,3490.4,3872.9,12,L1English
knee,i,30,380.8,2581.2,2934.8,3987.1,12,L1English
knee,i,40,376.3,2665.9,2743.4,3976.3,12,L1English
knee,i,50,370.3,2094.1,2732.9,4018.6,12,L1English
knee,i,60,384.2,2363.1,2807.7,4038.7,12,L1English
knee,i,70,376.1,2050.9,2884.1,3985.5,12,L1English
knee,i,80,395,2153.8,2913.6,3973.6,12,L1English
knee,i,90,355,2452.1,3131.2,3790.3,12,L1English
knee,i,10,304.2,2468.6,2957.9,3635.2,13,L1English
knee,i,20,296.6,2541.7,3079.5,3595.6,13,L1English
knee,i,30,297.4,2562.2,3162.7,3573.4,13,L1English
knee,i,40,318.2,2574.7,3163,3580.1,13,L1English
knee,i,50,335.3,2574.3,3108.5,3519.3,13,L1English
knee,i,60,321.7,2569.3,3105,3538.7,13,L1English
knee,i,70,316.5,2569.4,3056.6,3520.8,13,L1English
knee,i,80,311.4,2537.8,2998.2,3511.5,13,L1English
knee,i,90,303.3,2465,2950.7,3535.8,13,L1English
knee,i,10,353.3,2859.6,3152.3,4207.2,15,L1English
knee,i,20,337.7,2850.4,3198.2,4191.4,15,L1English
knee,i,30,319.7,2848.9,3205.3,4204.5,15,L1English
knee,i,40,316.1,2847.3,3216.3,4181.9,15,L1English
knee,i,50,319.5,2830.6,3120.9,4174.1,15,L1English
knee,i,60,321.3,2823.5,3163.6,4157.3,15,L1English
knee,i,70,337.9,2733.8,3203.8,4199.2,15,L1English
knee,i,80,347.2,2804.3,3089,4110.5,15,L1English
knee,i,90,266.6,2865.4,2998.1,4092.3,15,L1English
knee,i,10,381.5,2549,2999.2,3720.7,19,L1English
knee,i,20,390.6,2578.9,2997.7,3536,19,L1English
knee,i,30,398,2606.2,3044.3,3544.4,19,L1English
knee,i,40,372.3,2655,3069.8,3694,19,L1English
knee,i,50,378,2700.2,3141.5,3855,19,L1English
knee,i,60,359.2,2695.6,3155,3933.5,19,L1English
knee,i,70,358.7,2680.9,3076,3733,19,L1English
knee,i,80,356.5,2652.4,3111.1,3794.6,19,L1English
knee,i,90,374.7,2535.9,3028.9,4015.6,19,L1English
knee,i,10,223.9,2114.2,2943,3326.3,20,L1English
knee,i,20,226.7,2142.6,3065.5,3268.8,20,L1English
knee,i,30,226.4,2185.3,3118.7,3380.2,20,L1English
knee,i,40,224.4,2209.8,3127.9,3552.7,20,L1English
knee,i,50,223.3,2246.8,3139.6,3640.8,20,L1English
knee,i,60,224.2,2258.8,3166.6,3256.5,20,L1English
knee,i,70,226.4,2266.1,3121.3,3569.3,20,L1English
knee,i,80,229.2,2209.7,3103.9,3186.8,20,L1English
knee,i,90,231.4,2157,2961.7,3511.5,20,L1English
may,ei,10,672.1,2366.1,2921.7,4072.7,12,L1English
may,ei,20,701.5,2378.1,2892.7,4017.5,12,L1English
may,ei,30,684.2,2460.4,3012.2,4032.3,12,L1English
may,ei,40,620.1,2395,2779.2,4093.5,12,L1English
may,ei,50,547.7,2490.4,2519.3,3631.6,12,L1English
may,ei,60,532,2233.2,2968.6,4030.5,12,L1English
may,ei,70,496.7,2576.5,2952.8,4139.9,12,L1English
may,ei,80,470.1,2587.8,2936.5,3175.7,12,L1English
may,ei,90,454.2,2556.6,2873.7,4432.5,12,L1English
may,ei,10,534.2,1958.7,2747.4,3394.8,13,L1English
may,ei,20,537.3,2000.8,2745.6,3394.2,13,L1English
may,ei,30,528.6,2044.2,2771.8,3417.5,13,L1English
may,ei,40,508,2074.5,2705.2,3394.5,13,L1English
may,ei,50,460,2138.5,2698.3,3439,13,L1English
may,ei,60,421.9,2227.6,2704,3028.7,13,L1English
may,ei,70,365.4,2317,2386,2772.1,13,L1English
may,ei,80,335.6,2352.4,2371.5,2709.9,13,L1English
may,ei,90,342.4,2327.5,2679.2,3515.9,13,L1English
may,ei,10,518.8,2168.8,2715.6,3747.7,15,L1English
may,ei,20,540.3,2203.5,2800.2,3820.5,15,L1English
may,ei,30,532.9,2211.5,2802.1,3905.6,15,L1English
may,ei,40,524.3,2224.3,2802.9,3899.9,15,L1English
may,ei,50,497.8,2258.3,2817.2,3378.9,15,L1English
may,ei,60,479.1,2319.8,2859.7,3981.1,15,L1English
may,ei,70,468.8,2390.7,2848.5,3961.3,15,L1English
may,ei,80,392.8,2442.4,2885.4,3978.9,15,L1English
may,ei,90,235.8,2378.5,2949.2,4042.7,15,L1English
may,ei,10,471.8,2079.5,2916.4,3502,19,L1English
may,ei,20,527.2,2142.7,2842.7,3465.8,19,L1English
may,ei,30,523.3,2144.6,2913.3,3443.1,19,L1English
may,ei,40,522.6,2202.6,2895.2,3536,19,L1English
may,ei,50,488.3,2244.6,2922.4,3595.3,19,L1English
may,ei,60,447.6,2301.3,2779.7,3232.5,19,L1English
may,ei,70,425.4,2324,2494.9,3005.3,19,L1English
may,ei,80,410.9,2370.8,2741.1,3080.9,19,L1English
may,ei,90,387.8,2308.9,3034.8,3897.2,19,L1English
may,ei,10,460.1,1766.6,2413.7,3343.3,20,L1English
may,ei,20,443.2,1858.4,2515.1,3391.8,20,L1English
may,ei,30,409.4,1895.5,2527.1,3378.5,20,L1English
may,ei,40,364.7,1949.5,2542.5,3319.8,20,L1English
may,ei,50,349.4,2003.6,2619.9,3348.8,20,L1English
may,ei,60,315.1,2017.9,2648.8,3321.3,20,L1English
may,ei,70,283.2,2078.3,2706.1,3307.1,20,L1English
may,ei,80,275.3,2042.7,2680.3,3303.9,20,L1English
may,ei,90,279.5,2021.3,2633.5,3346.4,20,L1English
pah,a,10,755.2,1220.6,3033.8,3768.5,12,L1English
pah,a,20,797.7,1266.1,3002.3,3765.6,12,L1English
pah,a,30,808.1,1273.8,2533.4,4248.7,12,L1English
pah,a,40,870.3,1276.9,2673.7,4344.8,12,L1English
pah,a,50,873,1323.9,3026.1,4120.4,12,L1English
pah,a,60,822.1,1253.3,3138.8,4225.4,12,L1English
pah,a,70,602.9,1235,2966.9,3746.6,12,L1English
pah,a,80,516.1,1360.3,3065.4,4012.9,12,L1English
pah,a,90,1313.2,1444.8,3224.4,4077.2,12,L1English
pah,a,10,684.6,1135.7,2419.4,3545.4,13,L1English
pah,a,20,693.4,1138.8,2524.9,3544.3,13,L1English
pah,a,30,691.6,1132.1,2472.9,3517.6,13,L1English
pah,a,40,687.9,1127.8,2442.2,3487.7,13,L1English
pah,a,50,688.8,1128.8,2512.3,3552.1,13,L1English
pah,a,60,691.1,1128.7,2547.8,3611.9,13,L1English
pah,a,70,674,1124.6,2470.3,3612.8,13,L1English
pah,a,80,654.5,1143.2,2411.7,3662.6,13,L1English
pah,a,90,668.3,1185.4,2549,3822.7,13,L1English
pah,a,10,774.8,1212.7,2456.9,3650.7,15,L1English
pah,a,20,774.5,1206.1,2448.9,3627.7,15,L1English
pah,a,30,768.4,1220.2,2414.2,3644.8,15,L1English
pah,a,40,766.8,1240,2394.8,3765.1,15,L1English
pah,a,50,751.7,1237.1,2414.1,3826.2,15,L1English
pah,a,60,745.1,1251.8,2510,3825,15,L1English
pah,a,70,744.8,1257.5,2428.1,3727.1,15,L1English
pah,a,80,770.3,1255.1,2353.1,3660.4,15,L1English
pah,a,90,642.9,1178.9,2440.2,3592.5,15,L1English
pah,a,10,648.8,1146,2532.2,2979.2,19,L1English
pah,a,20,672.8,1131.9,2747.9,2885.5,19,L1English
pah,a,30,667,1126.4,2555.9,2710.7,19,L1English
pah,a,40,650.4,1105.2,2528.4,2817.5,19,L1English
pah,a,50,656,1105.5,2302.6,3069.9,19,L1English
pah,a,60,667.1,1196.1,2735.6,3742.6,19,L1English
pah,a,70,627.7,1264,1694.2,3070.1,19,L1English
pah,a,80,552.8,1297.7,2758.5,3227.9,19,L1English
pah,a,90,469.9,1332.5,2647.5,2960.7,19,L1English
pah,a,10,667.8,1050.8,2668,3506.9,20,L1English
pah,a,20,658.1,1063.7,2672.7,3527.3,20,L1English
pah,a,30,659.5,1068.6,2670.4,3529.3,20,L1English
pah,a,40,654.4,1072.6,2660.6,3523.9,20,L1English
pah,a,50,653.2,1086,2648,3564.8,20,L1English
pah,a,60,647.2,1073.3,2606.1,3549.5,20,L1English
pah,a,70,651.3,1097.9,2594.4,3542,20,L1English
pah,a,80,642.8,1200.1,2545.8,3548.6,20,L1English
pah,a,90,598.1,1318.8,2486.1,3532.4,20,L1English
show,ou,10,576,1768.6,2313.3,3653.3,12,L1English
show,ou,20,604.8,1634.3,2341,3648.5,12,L1English
show,ou,30,607.3,1524.7,2408.8,3683.3,12,L1English
show,ou,40,630.9,1441.6,2441.9,3577.9,12,L1English
show,ou,50,583.2,1381.2,2420,3556.4,12,L1English
show,ou,60,524.7,1254.1,2502.4,3551.2,12,L1English
show,ou,70,497.3,1173.7,2492.5,3569.7,12,L1English
show,ou,80,480.7,934.2,2604.4,3633.9,12,L1English
show,ou,90,413.1,816.2,2576.4,3743.5,12,L1English
show,ou,10,512.7,1530.6,2249,3123.5,13,L1English
show,ou,20,557.3,1416.4,2337,3156.6,13,L1English
show,ou,30,569,1299.9,2421.9,3119.5,13,L1English
show,ou,40,542.1,1186.9,2526.2,3156.9,13,L1English
show,ou,50,508.4,1113.8,2555,3148.7,13,L1English
show,ou,60,463.4,987.1,2588.9,3094.9,13,L1English
show,ou,70,410.8,886.4,2564.9,3028.9,13,L1English
show,ou,80,387.4,902,2547,3029.7,13,L1English
show,ou,90,420,1105.5,2468.3,2881.1,13,L1English
show,ou,10,463.7,1696.2,2382.4,3487.5,15,L1English
show,ou,20,499.6,1560.2,2274.3,3417.3,15,L1English
show,ou,30,504.1,1478.8,2247.5,3394.8,15,L1English
show,ou,40,496.1,1359.5,2234.3,3367.6,15,L1English
show,ou,50,467.8,1288.7,2232,3691.8,15,L1English
show,ou,60,425.6,1219.4,2267.8,4098.3,15,L1English
show,ou,70,371.5,1104.6,2308.5,3959.8,15,L1English
show,ou,80,276.3,1046.7,2328.1,3478.1,15,L1English
show,ou,90,247.7,1233.8,2409.6,3331.3,15,L1English
show,ou,10,505.9,1431.2,2711.6,3198.5,19,L1English
show,ou,20,538.3,1299.7,2879.5,3109.2,19,L1English
show,ou,30,539.4,1179.1,2918.9,3536.3,19,L1English
show,ou,40,526.9,1100.3,2980.1,3107.1,19,L1English
show,ou,50,507.1,1026.3,3055.9,3351.4,19,L1English
show,ou,60,486,996.6,3014.4,3121.8,19,L1English
show,ou,70,466.1,970,2874.3,3282,19,L1English
show,ou,80,413.4,884.7,2864.6,3298.9,19,L1English
show,ou,90,362.5,998.1,2924,3763.4,19,L1English
show,ou,10,491.7,1492.7,2436.6,2921.7,20,L1English
show,ou,20,527.8,1334.4,2176,3061.4,20,L1English
show,ou,30,524.6,1246.3,2153.1,3048.6,20,L1English
show,ou,40,508.8,1100.9,2192.1,3022.2,20,L1English
show,ou,50,485,860.4,2182.4,3062.2,20,L1English
show,ou,60,435.9,910.1,2222.2,3049.1,20,L1English
show,ou,70,433.1,859.3,2214.2,3031,20,L1English
show,ou,80,399.3,1032.8,2161.5,2995.4,20,L1English
show,ou,90,317.6,1186.7,2035.2,3010.9,20,L1English
tea,i,10,403.4,2545.1,2686.8,3564.8,12,L1English
tea,i,20,387.8,2603.8,2760.2,3440.9,12,L1English
tea,i,30,386.2,2686.4,2945.3,3413,12,L1English
tea,i,40,385.4,2700,3028.3,3443.1,12,L1English
tea,i,50,404.8,1150.5,2755.5,3460.7,12,L1English
tea,i,60,412.2,2353.4,2998.5,3863.2,12,L1English
tea,i,70,406.1,2615.2,3130.7,4066.8,12,L1English
tea,i,80,246.3,2435.8,2998.6,3465.5,12,L1English
tea,i,90,251.2,2216.1,2614.6,3526.1,12,L1English
tea,i,10,287.4,2451.5,3103.3,3790.4,13,L1English
tea,i,20,295.5,2494.7,2997.9,3595.9,13,L1English
tea,i,30,309.2,2486.5,2960.2,3568,13,L1English
tea,i,40,332.2,2484.9,2943,3580.9,13,L1English
tea,i,50,343.5,2486.7,2892.2,3559.2,13,L1English
tea,i,60,347.9,2482.8,2896,3568.6,13,L1English
tea,i,70,336.7,2461.6,2845.2,3571.9,13,L1English
tea,i,80,325,2412.1,2797.7,3622.7,13,L1English
tea,i,90,337.9,2306.2,2732.6,3592.5,13,L1English
tea,i,10,307.4,2640.7,3027.7,3942.4,15,L1English
tea,i,20,308.9,2634.9,2973.5,3874.4,15,L1English
tea,i,30,304.2,2669,2965,3856.3,15,L1English
tea,i,40,308.7,2730.7,2865,3784.2,15,L1English
tea,i,50,317,2741.9,2767,3801.6,15,L1English
tea,i,60,325.9,2672.3,3182.4,4028.1,15,L1English
tea,i,70,337.8,2676.2,3158.3,4086.6,15,L1English
tea,i,80,350.7,2646.2,3162.6,4190.1,15,L1English
tea,i,90,368.3,2579.2,2979.9,4116.6,15,L1English
tea,i,10,349.4,2461.3,3074.4,3719.4,19,L1English
tea,i,20,349.9,2480,3010,3553.3,19,L1English
tea,i,30,348.7,2479.3,2981.4,3330.6,19,L1English
tea,i,40,350.1,2500,2985.5,3211.9,19,L1English
tea,i,50,354.9,2552.6,2720.2,3146.6,19,L1English
tea,i,60,360.5,2530.9,2870.3,3389.5,19,L1English
tea,i,70,358.8,2545.4,2993.4,3621.8,19,L1English
tea,i,80,351.8,2488.3,2662.6,3091.3,19,L1English
tea,i,90,342.1,2506.8,2990,3691.6,19,L1English
tea,i,10,282.3,2145.6,3050.2,3483,20,L1English
tea,i,20,292.7,2171.6,3074.2,3545.7,20,L1English
tea,i,30,288.9,2156.9,3078.9,3595.2,20,L1English
tea,i,40,285.3,2166.6,3061.7,3560.3,20,L1English
tea,i,50,280.7,2212.4,3103.9,3549.8,20,L1English
tea,i,60,275.9,2216.2,3154.1,3414.2,20,L1English
tea,i,70,272.1,2188.3,3072.7,3475.3,20,L1English
tea,i,80,272.1,2149.5,3042,3452.7,20,L1English
tea,i,90,260.8,2093.4,2896.7,3369.4,20,L1English
two,u,10,418.7,2009.3,2407.5,3810.7,12,L1English
two,u,20,405.1,1916,2476.7,3829.7,12,L1English
two,u,30,396.5,1873.8,2445.4,3799.1,12,L1English
two,u,40,381.8,1703,2447.2,3767.3,12,L1English
two,u,50,371.2,1566.7,2375.5,3713.3,12,L1English
two,u,60,358.5,1210.5,2343.1,3752.3,12,L1English
two,u,70,360.3,1210,3291.4,4032.9,12,L1English
two,u,80,357.6,1705.6,3203.8,3933.3,12,L1English
two,u,90,270.7,1505.4,3279.4,3918.5,12,L1English
two,u,10,321.9,1717.6,2383.4,3429.5,13,L1English
two,u,20,313.1,1590.2,2413.9,3416.6,13,L1English
two,u,30,299.7,1454.5,2385.2,3386.9,13,L1English
two,u,40,307.5,1331.8,2412.3,3383.3,13,L1English
two,u,50,319,1166.6,2411.4,3315.9,13,L1English
two,u,60,323.7,1031.3,2408.6,3300.1,13,L1English
two,u,70,293.2,870.2,2456.3,3299.2,13,L1English
two,u,80,279.2,740.3,2598,3200.5,13,L1English
two,u,90,273.1,666.5,2613,3186.9,13,L1English
two,u,10,333.4,2061.7,2604.5,3462.6,15,L1English
two,u,20,328.3,1949.1,2509.3,3397.6,15,L1English
two,u,40,317.8,1473.7,2362.8,3625.7,15,L1English
two,u,50,335.5,1643.1,2467,3499.2,15,L1English
two,u,70,281.7,1078.2,2474.8,3890.4,15,L1English
two,u,80,337.5,1370.9,2510.1,3618.5,15,L1English
two,u,10,340,1541.8,2707.7,3409.9,19,L1English
two,u,20,342.6,1401,2620.3,3439.7,19,L1English
two,u,30,342.8,1332.7,2707.5,3504,19,L1English
two,u,40,347.6,1195.6,2838.5,3426.7,19,L1English
two,u,50,345.2,1104.2,2893.6,3333.4,19,L1English
two,u,60,321.3,1030.2,2909.3,3698.7,19,L1English
two,u,70,331.8,987.4,2963.4,3651.1,19,L1English
two,u,80,318.8,1061.3,2818.7,3594.2,19,L1English
two,u,90,347.1,1213.5,2813.3,3448.3,19,L1English
two,u,10,279.4,1853.2,2275.5,3215.5,20,L1English
two,u,20,273.1,1790.9,2146.7,3240.4,20,L1English
two,u,30,270.6,1747.9,2116.9,3252.1,20,L1English
two,u,40,270.6,1746.7,1990.8,3236.6,20,L1English
two,u,50,269.7,1643.1,1969.2,3228.8,20,L1English
two,u,60,271.3,1724.6,1849.4,3136.8,20,L1English
two,u,70,271.6,1623.5,1971.6,3143,20,L1English
two,u,80,275.5,1790.3,1972.1,3246.1,20,L1English
two,u,90,272.9,1843.2,2020,3277.6,20,L1English